model,MAE,RMSE,R2,Adj_R2,Accuracy,Precision,Recall,F1,ROC_AUC
OLS (RQ1),0.1428227909202702,0.1836211725185372,0.45960336308739524,0.4513425227779032,,,,,
RandomForest (RQ2),,,,,0.7673981191222571,0.7971830985915493,0.7137452711223203,0.7531603459747173,0.859811379495775
NaiveBayes (RQ2 baseline),,,,,0.7523510971786834,0.6924564796905223,0.9029003783102144,0.7837985769020251,0.8533018022409299
