model,MAE,RMSE,R2,Adj_R2,Accuracy,Precision,Recall,F1,ROC_AUC
Simple LR (RQ1 baseline),0.1781680554090522,0.2188395241029847,0.23242884034816658,0.2319470003232753,,,,,
Multiple LR (RQ1 full),0.14191556577195782,0.18274531586089635,0.4647463557221996,0.4565641344083988,,,,,
Naive Bayes (RQ2),,,,,0.7529780564263323,0.6927536231884058,0.9041614123581336,0.7844638949671773,0.8575125867550544
