{
  "rq1_ols_vs_ridge": {
    "model_a": "OLS",
    "model_b": "Ridge",
    "mean_a": 0.44418147491889215,
    "mean_b": 0.4442713796012729,
    "std_a": 0.036242812648808055,
    "std_b": 0.035971962173886096,
    "t_statistic": -0.6240190765401211,
    "p_value": 0.5664389889567285,
    "significant_at_0.05": false,
    "better_model": "Ridge",
    "scores_a": [
      0.45960336308739513,
      0.38753493774204295,
      0.4375658650397011,
      0.48569975180336444,
      0.45050345692195704
    ],
    "scores_b": [
      0.4596872510894261,
      0.387946461478787,
      0.437958601327713,
      0.48536058161637197,
      0.45040400249406676
    ]
  },
  "rq2_rf_vs_nb": {
    "model_a": "RandomForest",
    "model_b": "NaiveBayes",
    "mean_a": 0.7576216454336993,
    "mean_b": 0.7315269250284178,
    "std_a": 0.00985706119845137,
    "std_b": 0.006821862664300047,
    "t_statistic": 4.42991332726731,
    "p_value": 0.011422776428439616,
    "significant_at_0.05": true,
    "better_model": "RandomForest",
    "scores_a": [
      0.7554858934169278,
      0.7641154328732748,
      0.7503136762860728,
      0.7710163111668757,
      0.7471769134253451
    ],
    "scores_b": [
      0.7304075235109718,
      0.7202007528230866,
      0.7340025094102886,
      0.7371392722710163,
      0.7358845671267252
    ]
  }
}