{
  "rq1_simple_vs_multiple_lr": {
    "model_a": "Simple LR",
    "model_b": "Multiple LR",
    "mean_a": 0.17838798552541674,
    "mean_b": 0.14322113381053647,
    "std_a": 0.0030711051188876625,
    "std_b": 0.004334290686414119,
    "t_statistic": 18.57066953280724,
    "p_value": 4.9487096963063395e-05,
    "significant_at_0.05": true,
    "better_model": "Multiple LR",
    "scores_a": [
      0.1781680554090522,
      0.1808378237468915,
      0.17494131342458732,
      0.1820831833710614,
      0.17590955167549127
    ],
    "scores_b": [
      0.14191556577195782,
      0.15092769015457905,
      0.14130300016704697,
      0.14057873590980322,
      0.1413806770492954
    ]
  },
  "rq2_naive_bayes_vs_baseline": {
    "model_a": "NaiveBayes",
    "model_b": "MajorityBaseline",
    "mean_a": 0.7321541989356639,
    "mean_b": 0.5030736736114662,
    "std_a": 0.006496825889461497,
    "std_b": 0.0001410718499982041,
    "t_statistic": 78.99136593321269,
    "p_value": 1.5394616721835394e-07,
    "significant_at_0.05": true,
    "better_model": "NaiveBayes",
    "scores_a": [
      0.7310344827586207,
      0.7214554579673776,
      0.7340025094102886,
      0.7371392722710163,
      0.7371392722710163
    ],
    "scores_b": [
      0.5028213166144201,
      0.5031367628607277,
      0.5031367628607277,
      0.5031367628607277,
      0.5031367628607277
    ]
  }
}